patient_id,alpha_raw,beta_raw,t_last_days,P(T>365d),P(T>1825d),P(T>3650d),risk_score
PT0001,-1.0,3.7254725e+18,1783.0,0.0,0.0,0.0,1.0
PT0002,-1.0,3.7643116e+18,2120.0,0.0,0.0,0.0,1.0
PT0003,-1.0,3.7803728e+18,1839.0,0.0,0.0,0.0,1.0
PT0004,-1.0,3.8167512e+18,2197.0,0.0,0.0,0.0,1.0
PT0005,-1.0,3.831946e+18,1461.0,0.0,0.0,0.0,1.0
PT0006,-1.0,3.810503e+18,831.0,0.0,0.0,0.0,1.0
PT0007,-1.0,3.8234632e+18,2148.0,0.0,0.0,0.0,1.0
PT0008,-1.0,3.705026e+18,3314.0,0.0,0.0,0.0,1.0
PT0009,-1.0,3.711053e+18,1149.0,0.0,0.0,0.0,1.0
PT0010,-1.0,3.6724708e+18,1750.0,0.0,0.0,0.0,1.0
PT0011,-1.0,3.7665992e+18,1023.0,0.0,0.0,0.0,1.0
PT0012,-1.0,3.806729e+18,1385.0,0.0,0.0,0.0,1.0
PT0013,-1.0,3.680955e+18,3129.0,0.0,0.0,0.0,1.0
PT0014,-1.0,3.6906095e+18,2088.0,0.0,0.0,0.0,1.0
PT0015,-1.0,3.8206135e+18,714.0,0.0,0.0,0.0,1.0
PT0016,-1.0,3.8275371e+18,1794.0,0.0,0.0,0.0,1.0
PT0017,-1.0,3.83819e+18,2977.0,0.0,0.0,0.0,1.0
PT0018,-1.0,3.799973e+18,991.0,0.0,0.0,0.0,1.0
PT0019,-1.0,3.7887832e+18,975.0,0.0,0.0,0.0,1.0
PT0020,-1.0,3.7840853e+18,2398.0,0.0,0.0,0.0,1.0
PT0021,-1.0,3.8239195e+18,2536.0,0.0,0.0,0.0,1.0
PT0022,-1.0,3.7132347e+18,3052.0,0.0,0.0,0.0,1.0
PT0023,-1.0,3.808887e+18,994.0,0.0,0.0,0.0,1.0
PT0024,-1.0,3.7452304e+18,1476.0,0.0,0.0,0.0,1.0
PT0025,-1.0,3.696694e+18,1314.0,0.0,0.0,0.0,1.0
PT0026,-1.0,3.834878e+18,2555.0,0.0,0.0,0.0,1.0
PT0027,-1.0,3.7399608e+18,2474.0,0.0,0.0,0.0,1.0
PT0028,-1.0,3.7886447e+18,1820.0,0.0,0.0,0.0,1.0
PT0029,-1.0,3.7817713e+18,1004.0,0.0,0.0,0.0,1.0
PT0030,-1.0,3.7644626e+18,2080.0,0.0,0.0,0.0,1.0
PT0031,-1.0,3.8371062e+18,3027.0,0.0,0.0,0.0,1.0
PT0032,-1.0,3.8110225e+18,755.0,0.0,0.0,0.0,1.0
PT0033,-1.0,3.8183197e+18,2016.0,0.0,0.0,0.0,1.0
PT0034,-1.0,3.711712e+18,2986.0,0.0,0.0,0.0,1.0
PT0035,-1.0,3.7325605e+18,987.0,0.0,0.0,0.0,1.0
PT0036,-1.0,3.8400609e+18,3058.0,0.0,0.0,0.0,1.0
PT0037,-1.0,3.828687e+18,2981.0,0.0,0.0,0.0,1.0
PT0038,-1.0,3.82478e+18,968.0,0.0,0.0,0.0,1.0
PT0039,-1.0,3.7024696e+18,3155.0,0.0,0.0,0.0,1.0
PT0040,-1.0,3.747383e+18,1490.0,0.0,0.0,0.0,1.0
PT0041,-1.0,3.720124e+18,1354.0,0.0,0.0,0.0,1.0
PT0042,-1.0,3.7169013e+18,2156.0,0.0,0.0,0.0,1.0
PT0043,-1.0,3.7004768e+18,3473.0,0.0,0.0,0.0,1.0
PT0044,-1.0,3.8034092e+18,2751.0,0.0,0.0,0.0,1.0
PT0045,-1.0,3.805312e+18,949.0,0.0,0.0,0.0,1.0
PT0046,-1.0,3.6820066e+18,3356.0,0.0,0.0,0.0,1.0
PT0047,-1.0,3.8189494e+18,1372.0,0.0,0.0,0.0,1.0
PT0048,-1.0,3.764938e+18,1174.0,0.0,0.0,0.0,1.0
PT0049,-1.0,3.6841696e+18,2898.0,0.0,0.0,0.0,1.0
PT0050,-1.0,3.8201578e+18,3339.0,0.0,0.0,0.0,1.0
PT0051,-1.0,3.8060455e+18,924.0,0.0,0.0,0.0,1.0
PT0052,-1.0,3.801329e+18,2331.0,0.0,0.0,0.0,1.0
PT0053,-1.0,3.7034496e+18,2013.0,0.0,0.0,0.0,1.0
PT0054,-1.0,3.7149205e+18,2513.0,0.0,0.0,0.0,1.0
PT0055,-1.0,3.8016808e+18,2075.0,0.0,0.0,0.0,1.0
PT0056,-1.0,3.8322197e+18,3026.0,0.0,0.0,0.0,1.0
PT0057,-1.0,3.728495e+18,2772.0,0.0,0.0,0.0,1.0
PT0058,-1.0,3.82233e+18,1996.0,0.0,0.0,0.0,1.0
PT0059,-1.0,3.7587566e+18,3362.0,0.0,0.0,0.0,1.0
PT0060,-1.0,3.806729e+18,700.0,0.0,0.0,0.0,1.0
PT0061,-1.0,3.8070521e+18,3275.0,0.0,0.0,0.0,1.0
PT0062,-1.0,3.8400727e+18,3196.0,0.0,0.0,0.0,1.0
PT0063,-1.0,3.7223735e+18,782.0,0.0,0.0,0.0,1.0
PT0064,-1.0,3.7123806e+18,1577.0,0.0,0.0,0.0,1.0
PT0065,-1.0,3.785816e+18,1044.0,0.0,0.0,0.0,1.0
PT0066,-1.0,3.7101508e+18,2601.0,0.0,0.0,0.0,1.0
PT0067,-1.0,3.7875075e+18,1724.0,0.0,0.0,0.0,1.0
PT0068,-1.0,3.6910586e+18,3197.0,0.0,0.0,0.0,1.0
PT0069,-1.0,3.6868115e+18,3527.0,0.0,0.0,0.0,1.0
PT0070,-1.0,3.718351e+18,1896.0,0.0,0.0,0.0,1.0
PT0071,-1.0,3.720374e+18,1016.0,0.0,0.0,0.0,1.0
PT0072,-1.0,3.7246872e+18,2654.0,0.0,0.0,0.0,1.0
PT0073,-1.0,3.7979545e+18,930.0,0.0,0.0,0.0,1.0
PT0074,-1.0,3.872608e+18,1596.0,0.0,0.0,0.0,1.0
PT0075,-1.0,3.7149205e+18,947.0,0.0,0.0,0.0,1.0
PT0076,-1.0,3.8342967e+18,2001.0,0.0,0.0,0.0,1.0
PT0077,-1.0,3.815319e+18,2197.0,0.0,0.0,0.0,1.0
PT0078,-1.0,3.849075e+18,2876.0,0.0,0.0,0.0,1.0
PT0079,-1.0,3.8653133e+18,2395.0,0.0,0.0,0.0,1.0
PT0080,-1.0,3.7646836e+18,2292.0,0.0,0.0,0.0,1.0
PT0081,-1.0,3.6999028e+18,2826.0,0.0,0.0,0.0,1.0
PT0082,-1.0,3.7822823e+18,1864.0,0.0,0.0,0.0,1.0
PT0083,-1.0,3.6967912e+18,1951.0,0.0,0.0,0.0,1.0
PT0084,-1.0,3.8016808e+18,754.0,0.0,0.0,0.0,1.0
PT0085,-1.0,3.6760934e+18,1503.0,0.0,0.0,0.0,1.0
PT0086,-1.0,3.7428775e+18,889.0,0.0,0.0,0.0,1.0
PT0087,-1.0,3.834477e+18,2907.0,0.0,0.0,0.0,1.0
PT0088,-1.0,3.8267763e+18,878.0,0.0,0.0,0.0,1.0
PT0089,-1.0,3.796897e+18,434.0,0.0,0.0,0.0,1.0
PT0090,-1.0,3.7144202e+18,3169.0,0.0,0.0,0.0,1.0
PT0091,-1.0,3.7245077e+18,790.0,0.0,0.0,0.0,1.0
PT0092,-1.0,3.7162446e+18,1168.0,0.0,0.0,0.0,1.0
PT0093,-1.0,3.841012e+18,1480.0,0.0,0.0,0.0,1.0
PT0094,-1.0,3.7150728e+18,3223.0,0.0,0.0,0.0,1.0
PT0095,-1.0,3.744478e+18,1579.0,0.0,0.0,0.0,1.0
PT0096,-1.0,3.7918673e+18,713.0,0.0,0.0,0.0,1.0
PT0097,-1.0,3.8459485e+18,821.0,0.0,0.0,0.0,1.0
PT0098,-1.0,3.7258727e+18,3082.0,0.0,0.0,0.0,1.0
PT0099,-1.0,3.7468253e+18,2690.0,0.0,0.0,0.0,1.0
PT0100,-1.0,3.786038e+18,748.0,0.0,0.0,0.0,1.0
PT0101,-1.0,3.8139378e+18,2655.0,0.0,0.0,0.0,1.0
PT0102,-1.0,3.8190602e+18,2574.0,0.0,0.0,0.0,1.0
PT0103,-1.0,3.7967024e+18,1434.0,0.0,0.0,0.0,1.0
PT0104,-1.0,3.7220778e+18,2133.0,0.0,0.0,0.0,1.0
PT0105,-1.0,3.73225e+18,1514.0,0.0,0.0,0.0,1.0
PT0106,-1.0,3.6902343e+18,3084.0,0.0,0.0,0.0,1.0
PT0107,-1.0,3.8235327e+18,3305.0,0.0,0.0,0.0,1.0
PT0108,-1.0,3.7297592e+18,3525.0,0.0,0.0,0.0,1.0
PT0109,-1.0,3.8249176e+18,1453.0,0.0,0.0,0.0,1.0
PT0110,-1.0,3.7123806e+18,2090.0,0.0,0.0,0.0,1.0
PT0111,-1.0,3.8052283e+18,2865.0,0.0,0.0,0.0,1.0
PT0112,-1.0,3.8257614e+18,954.0,0.0,0.0,0.0,1.0
PT0113,-1.0,3.7885891e+18,680.0,0.0,0.0,0.0,1.0
PT0114,-1.0,3.8166954e+18,1571.0,0.0,0.0,0.0,1.0
PT0115,-1.0,3.7934515e+18,2015.0,0.0,0.0,0.0,1.0
PT0116,-1.0,3.87588e+18,2062.0,0.0,0.0,0.0,1.0
PT0117,-1.0,3.721064e+18,738.0,0.0,0.0,0.0,1.0
PT0118,-1.0,3.8317868e+18,1706.0,0.0,0.0,0.0,1.0
PT0119,-1.0,3.8040167e+18,552.0,0.0,0.0,0.0,1.0
PT0120,-1.0,3.6991222e+18,3012.0,0.0,0.0,0.0,1.0
PT0121,-1.0,3.7962934e+18,1341.0,0.0,0.0,0.0,1.0
PT0122,-1.0,3.7592146e+18,3505.0,0.0,0.0,0.0,1.0
PT0123,-1.0,3.8042761e+18,1789.0,0.0,0.0,0.0,1.0
PT0124,-1.0,3.7078487e+18,2749.0,0.0,0.0,0.0,1.0
PT0125,-1.0,3.8104073e+18,987.0,0.0,0.0,0.0,1.0
PT0126,-1.0,3.7099782e+18,2865.0,0.0,0.0,0.0,1.0
PT0127,-1.0,3.748514e+18,815.0,0.0,0.0,0.0,1.0
PT0128,-1.0,3.6956724e+18,3136.0,0.0,0.0,0.0,1.0
PT0129,-1.0,3.7066582e+18,2752.0,0.0,0.0,0.0,1.0
PT0130,-1.0,3.746439e+18,818.0,0.0,0.0,0.0,1.0
PT0131,-1.0,3.7844712e+18,3034.0,0.0,0.0,0.0,1.0
PT0132,-1.0,3.7679257e+18,1163.0,0.0,0.0,0.0,1.0
PT0133,-1.0,3.698579e+18,946.0,0.0,0.0,0.0,1.0
PT0134,-1.0,3.8047377e+18,2051.0,0.0,0.0,0.0,1.0
PT0135,-1.0,3.8200283e+18,1444.0,0.0,0.0,0.0,1.0
PT0136,-1.0,3.7350712e+18,1341.0,0.0,0.0,0.0,1.0
PT0137,-1.0,3.8101616e+18,2163.0,0.0,0.0,0.0,1.0
PT0138,-1.0,3.8289069e+18,1784.0,0.0,0.0,0.0,1.0
PT0139,-1.0,3.7442104e+18,1864.0,0.0,0.0,0.0,1.0
PT0140,-1.0,3.8226622e+18,1071.0,0.0,0.0,0.0,1.0
PT0141,-1.0,3.8354308e+18,2890.0,0.0,0.0,0.0,1.0
PT0142,-1.0,3.7201795e+18,2147.0,0.0,0.0,0.0,1.0
PT0143,-1.0,3.7090408e+18,813.0,0.0,0.0,0.0,1.0
PT0144,-1.0,3.719695e+18,1915.0,0.0,0.0,0.0,1.0
PT0145,-1.0,3.8370226e+18,3039.0,0.0,0.0,0.0,1.0
PT0146,-1.0,3.7114097e+18,3323.0,0.0,0.0,0.0,1.0
PT0147,-1.0,3.8366653e+18,2217.0,0.0,0.0,0.0,1.0
PT0148,-1.0,3.733484e+18,2814.0,0.0,0.0,0.0,1.0
PT0149,-1.0,3.810503e+18,1129.0,0.0,0.0,0.0,1.0
PT0150,-1.0,3.7023454e+18,2798.0,0.0,0.0,0.0,1.0
PT0151,-1.0,3.8254698e+18,1015.0,0.0,0.0,0.0,1.0
PT0152,-1.0,3.811826e+18,3429.0,0.0,0.0,0.0,1.0
PT0153,-1.0,3.7986178e+18,1412.0,0.0,0.0,0.0,1.0
PT0154,-1.0,3.7341125e+18,1430.0,0.0,0.0,0.0,1.0
PT0155,-1.0,3.724411e+18,2570.0,0.0,0.0,0.0,1.0
PT0156,-1.0,3.7267922e+18,1197.0,0.0,0.0,0.0,1.0
PT0157,-1.0,3.8056426e+18,2052.0,0.0,0.0,0.0,1.0
PT0158,-1.0,3.699736e+18,2073.0,0.0,0.0,0.0,1.0
PT0159,-1.0,3.7234774e+18,1626.0,0.0,0.0,0.0,1.0
PT0160,-1.0,3.6930776e+18,3143.0,0.0,0.0,0.0,1.0
PT0161,-1.0,3.6927604e+18,1016.0,0.0,0.0,0.0,1.0
PT0162,-1.0,3.7055414e+18,878.0,0.0,0.0,0.0,1.0
PT0163,-1.0,3.798467e+18,1980.0,0.0,0.0,0.0,1.0
PT0164,-1.0,3.7862928e+18,1276.0,0.0,0.0,0.0,1.0
PT0165,-1.0,3.8059345e+18,1170.0,0.0,0.0,0.0,1.0
PT0166,-1.0,3.8238777e+18,853.0,0.0,0.0,0.0,1.0
PT0167,-1.0,3.7660038e+18,1296.0,0.0,0.0,0.0,1.0
PT0168,-1.0,3.7423539e+18,2187.0,0.0,0.0,0.0,1.0
PT0169,-1.0,3.845644e+18,662.0,0.0,0.0,0.0,1.0
PT0170,-1.0,3.8035895e+18,1166.0,0.0,0.0,0.0,1.0
PT0171,-1.0,3.8161778e+18,678.0,0.0,0.0,0.0,1.0
PT0172,-1.0,3.8418047e+18,1047.0,0.0,0.0,0.0,1.0
PT0173,-1.0,3.7893486e+18,752.0,0.0,0.0,0.0,1.0
PT0174,-1.0,3.7816883e+18,2837.0,0.0,0.0,0.0,1.0
PT0175,-1.0,3.807272e+18,1596.0,0.0,0.0,0.0,1.0
PT0176,-1.0,3.7251536e+18,1162.0,0.0,0.0,0.0,1.0
PT0177,-1.0,3.7921782e+18,1112.0,0.0,0.0,0.0,1.0
PT0178,-1.0,3.678233e+18,2115.0,0.0,0.0,0.0,1.0
PT0179,-1.0,3.6880058e+18,2017.0,0.0,0.0,0.0,1.0
PT0180,-1.0,3.799903e+18,985.0,0.0,0.0,0.0,1.0
PT0181,-1.0,3.8014182e+18,1294.0,0.0,0.0,0.0,1.0
PT0182,-1.0,3.6991222e+18,1708.0,0.0,0.0,0.0,1.0
PT0183,-1.0,3.7057118e+18,843.0,0.0,0.0,0.0,1.0
PT0184,-1.0,3.7658037e+18,1290.0,0.0,0.0,0.0,1.0
PT0185,-1.0,3.6941562e+18,1983.0,0.0,0.0,0.0,1.0
PT0186,-1.0,3.7983982e+18,923.0,0.0,0.0,0.0,1.0
PT0187,-1.0,3.6998333e+18,3094.0,0.0,0.0,0.0,1.0
PT0188,-1.0,3.798969e+18,1063.0,0.0,0.0,0.0,1.0
PT0189,-1.0,3.796897e+18,945.0,0.0,0.0,0.0,1.0
PT0190,-1.0,3.8201578e+18,1216.0,0.0,0.0,0.0,1.0
PT0191,-1.0,3.7344995e+18,2816.0,0.0,0.0,0.0,1.0
PT0192,-1.0,3.8344215e+18,2445.0,0.0,0.0,0.0,1.0
PT0193,-1.0,3.7090474e+18,2119.0,0.0,0.0,0.0,1.0
PT0194,-1.0,3.7090474e+18,2162.0,0.0,0.0,0.0,1.0
PT0195,-1.0,3.8390402e+18,2663.0,0.0,0.0,0.0,1.0
PT0196,-1.0,3.697469e+18,1472.0,0.0,0.0,0.0,1.0
PT0197,-1.0,3.795717e+18,1330.0,0.0,0.0,0.0,1.0
PT0198,-1.0,3.766784e+18,921.0,0.0,0.0,0.0,1.0
PT0199,-1.0,3.7079655e+18,1729.0,0.0,0.0,0.0,1.0
PT0200,-1.0,3.810468e+18,2649.0,0.0,0.0,0.0,1.0
